{
    "type": "minecraft:entity",
    "pools": [
        {
            "rolls": 1,
            "entries": [
                {
                    "type": "minecraft:item",
                    "functions": [
                        {
                            "function": "minecraft:set_count",
                            "count": {
                                "min": 0.0,
                                "max": 2.0,
                                "type": "minecraft:uniform"
                            }
                        },
                        {
                            "function": "minecraft:looting_enchant",
                            "count": {
                                "min": 0.0,
                                "max": 1.0
                            }
                        }
                    ],
                    "name": "minecraft:gunpowder"
                }
            ]
        },
        {
            "rolls": 1,
            "entries": [
                {
                    "type": "minecraft:tag",
                    "weight": 1,
                    "name": "minecraft:creeper_drop_music_discs",
                    "expand": true
                },
                {
                    "type": "minecraft:item",
                    "weight": 1,
                    "name": "minecraft:music_disc_11",
                    "functions": [
                        {
                            "function": "minecraft:set_nbt",
                            "tag": "{CustomModelData:1, HideFlags:32, display:{Lore:[\"\\\"\\\\u00a773 BIG BALLS REVAMPED - DigBar\\\"\"]}}"
                        }
                    ]
                },
                {
                    "type": "minecraft:item",
                    "weight": 1,
                    "name": "minecraft:music_disc_11",
                    "functions": [
                        {
                            "function": "minecraft:set_nbt",
                            "tag": "{CustomModelData:2, HideFlags:32, display:{Lore:[\"\\\"\\\\u00a774 BIG GUYS - DigBar\\\"\"]}}"
                        }
                    ]
                },
                {
                    "type": "minecraft:item",
                    "weight": 1,
                    "name": "minecraft:music_disc_11",
                    "functions": [
                        {
                            "function": "minecraft:set_nbt",
                            "tag": "{CustomModelData:3, HideFlags:32, display:{Lore:[\"\\\"\\\\u00a77Never Gonna Give You Up - Rick Astley\\\"\"]}}"
                        }
                    ]
                },
                {
                    "type": "minecraft:item",
                    "weight": 1,
                    "name": "minecraft:music_disc_11",
                    "functions": [
                        {
                            "function": "minecraft:set_nbt",
                            "tag": "{CustomModelData:4, HideFlags:32, display:{Lore:[\"\\\"\\\\u00a77Cyborg BBC - New Age Black\\\"\"]}}"
                        }
                    ]
                },
                {
                    "type": "minecraft:item",
                    "weight": 1,
                    "name": "minecraft:music_disc_11",
                    "functions": [
                        {
                            "function": "minecraft:set_nbt",
                            "tag": "{CustomModelData:5, HideFlags:32, display:{Lore:[\"\\\"\\\\u00a77Pillars of Salt - Coldplay\\\"\"]}}"
                        }
                    ]
                },
                {
                    "type": "minecraft:item",
                    "weight": 1,
                    "name": "minecraft:music_disc_11",
                    "functions": [
                        {
                            "function": "minecraft:set_nbt",
                            "tag": "{CustomModelData:6, HideFlags:32, display:{Lore:[\"\\\"\\\\u00a77Revenge - CaptainSparklez\\\"\"]}}"
                        }
                    ]
                },
                {
                    "type": "minecraft:item",
                    "weight": 1,
                    "name": "minecraft:music_disc_11",
                    "functions": [
                        {
                            "function": "minecraft:set_nbt",
                            "tag": "{CustomModelData:7, HideFlags:32, display:{Lore:[\"\\\"\\\\u00a77SUPER MEME MEGAMIX ULTIMATE - Vincent Mashups\\\"\"]}}"
                        }
                    ]
                },
                {
                    "type": "minecraft:item",
                    "weight": 1,
                    "name": "minecraft:music_disc_11",
                    "functions": [
                        {
                            "function": "minecraft:set_nbt",
                            "tag": "{CustomModelData:8, HideFlags:32, display:{Lore:[\"\\\"\\\\u00a77SUPER MEME MEGAMIX ULTIMATE 2 - Vincent Mashups\\\"\"]}}"
                        }
                    ]
                },
                {
                    "type": "minecraft:item",
                    "weight": 1,
                    "name": "minecraft:music_disc_11",
                    "functions": [
                        {
                            "function": "minecraft:set_nbt",
                            "tag": "{CustomModelData:9, HideFlags:32, display:{Lore:[\"\\\"\\\\u00a77Rap God - Donkey Kong Country\\\"\"]}}"
                        }
                    ]
                },
                {
                    "type": "minecraft:item",
                    "weight": 1,
                    "name": "minecraft:music_disc_11",
                    "functions": [
                        {
                            "function": "minecraft:set_nbt",
                            "tag": "{CustomModelData:10, HideFlags:32, display:{Lore:[\"\\\"\\\\u00a77Through the Slams and Jams - DragonForce vs Quad City DJs\\\"\"]}}"
                        }
                    ]
                },
                {
                    "type": "minecraft:item",
                    "weight": 1,
                    "name": "minecraft:music_disc_11",
                    "functions": [
                        {
                            "function": "minecraft:set_nbt",
                            "tag": "{CustomModelData:11, HideFlags:32, display:{Lore:[\"\\\"\\\\u00a77The Only Thing They Fear is YOUUUU - Doom Eternal vs Soulja Boy\\\"\"]}}"
                        }
                    ]
                }
            ],
            "conditions": [
                {
                    "condition": "minecraft:entity_properties",
                    "predicate": {
                        "type": "#minecraft:skeletons"
                    },
                    "entity": "killer"
                }
            ]
        }
    ]
}